Date,NAV
2015-09-18,10.01930
2015-09-21,10.02770
2015-09-22,10.03320
2015-09-23,10.03300
2015-09-24,10.03730
2015-09-28,10.05130
2015-09-29,10.08900
2015-09-30,10.09840
2015-10-01,10.10040
2015-10-05,10.11490
2015-10-06,10.11700
2015-10-07,10.11990
2015-10-08,10.12630
2015-10-09,10.13490
2015-10-12,10.13570
2015-10-13,10.13640
2015-10-14,10.13930
2015-10-15,10.14760
2015-10-16,10.15880
2015-10-19,10.16730
2015-10-20,10.17020
2015-10-21,10.16990
2015-10-23,10.17900
2015-10-26,10.18560
2015-10-27,10.18840
2015-10-28,10.19230
2015-10-29,10.18850
2015-10-30,10.18410
2015-11-02,10.18620
2015-11-03,10.19220
2015-11-04,10.18920
2015-11-05,10.18840
2015-11-06,10.18910
2015-11-09,10.19080
2015-11-10,10.19330
2015-11-13,10.20290
2015-11-16,10.21250
2015-11-17,10.21110
2015-11-18,10.21360
2015-11-19,10.21490
2015-11-20,10.21730
2015-11-23,10.22560
2015-11-24,10.22210
2015-11-26,10.22850
2015-11-27,10.22610
2015-11-30,10.22710
2015-12-01,10.22870
2015-12-02,10.23550
2015-12-03,10.24140
2015-12-04,10.24280
2015-12-07,10.24100
2015-12-08,10.23540
2015-12-09,10.23010
2015-12-10,10.22930
2015-12-11,10.21790
2015-12-14,10.21930
2015-12-15,10.21740
2015-12-16,10.22340
2015-12-17,10.22620
2015-12-18,10.23150
2015-12-21,10.23690
2015-12-22,10.24290
2015-12-23,10.24180
2015-12-28,10.25630
2015-12-29,10.25820
2015-12-30,10.25940
2015-12-31,10.26420
2016-01-01,10.26420
2016-01-04,10.27500
2016-01-05,10.28020
2016-01-06,10.28070
2016-01-07,10.28410
2016-01-08,10.29000
2016-01-11,10.29720
2016-01-12,10.29030
2016-01-13,10.29100
2016-01-14,10.29080
2016-01-15,10.28820
2016-01-18,10.29610
2016-01-19,10.30060
2016-01-20,10.29650
2016-01-21,10.30040
2016-01-22,10.30830
2016-01-25,10.31600
2016-01-27,10.31830
2016-01-28,10.31570
2016-01-29,10.31710
2016-02-01,10.32580
2016-02-02,10.32350
2016-02-03,10.31680
2016-02-04,10.31850
2016-02-05,10.31820
2016-02-08,10.32420
2016-02-09,10.32530
2016-02-10,10.32890
2016-02-11,10.32880
2016-02-12,10.32900
2016-02-15,10.33610
2016-02-16,10.33620
2016-02-17,10.33140
2016-02-18,10.33350
2016-02-22,10.33290
2016-02-23,10.31860
2016-02-24,10.31630
2016-02-25,10.30930
2016-02-26,10.31270
2016-02-29,10.34340
2016-03-01,10.34960
2016-03-02,10.35670
2016-03-03,10.35690
2016-03-04,10.36130
2016-03-08,10.37330
2016-03-09,10.37850
2016-03-10,10.37950
2016-03-11,10.37720
2016-03-14,10.38880
2016-03-15,10.39620
2016-03-16,10.40020
2016-03-17,10.41300
2016-03-18,10.42420
2016-03-21,10.44620
2016-03-22,10.44860
2016-03-23,10.44930
2016-03-28,10.45080
2016-03-29,10.44760
2016-03-30,10.44470
2016-03-31,10.47380
2016-04-04,10.50530
2016-04-05,10.52620
2016-04-06,10.53220
2016-04-07,10.53510
2016-04-11,10.54390
2016-04-12,10.55510
2016-04-13,10.55890
2016-04-18,10.57710
2016-04-20,10.57120
2016-04-21,10.56420
2016-04-22,10.56640
2016-04-25,10.56770
2016-04-26,10.56390
2016-04-27,10.56490
2016-04-28,10.56120
2016-04-29,10.56080
2016-05-02,10.56560
2016-05-03,10.56480
2016-05-04,10.57000
2016-05-05,10.57100
2016-05-06,10.57340
2016-05-09,10.58000
2016-05-10,10.57830
2016-05-11,10.58520
2016-05-12,10.58970
2016-05-13,10.59240
2016-05-16,10.60190
2016-05-17,10.60460
2016-05-18,10.60560
2016-05-19,10.60740
2016-05-20,10.60270
2016-05-23,10.61480
2016-05-24,10.61470
2016-05-25,10.61650
2016-05-26,10.61880
2016-05-27,10.61570
2016-05-30,10.61820
2016-05-31,10.62000
2016-06-01,10.62100
2016-06-02,10.62550
2016-06-03,10.62870
2016-06-06,10.64140
2016-06-07,10.64560
2016-06-08,10.65070
2016-06-09,10.65530
2016-06-10,10.65860
2016-06-13,10.66620
2016-06-14,10.66670
2016-06-15,10.66850
2016-06-16,10.66920
2016-06-17,10.67150
2016-06-20,10.67330
2016-06-21,10.67500
2016-06-22,10.67910
2016-06-23,10.68240
2016-06-24,10.68290
2016-06-27,10.69030
2016-06-28,10.69870
2016-06-29,10.70180
2016-06-30,10.70500
2016-07-01,10.70770
2016-07-04,10.71900
2016-07-05,10.73080
2016-07-07,10.73810
2016-07-08,10.74080
2016-07-11,10.74920
2016-07-12,10.76530
2016-07-13,10.76960
2016-07-14,10.77490
2016-07-15,10.77650
2016-07-18,10.78320
2016-07-19,10.78290
2016-07-20,10.78980
2016-07-21,10.79250
2016-07-22,10.79630
2016-07-25,10.80490
2016-07-26,10.80820
2016-07-27,10.81100
2016-07-28,10.82460
2016-07-29,10.83330
2016-08-01,10.83980
2016-08-02,10.83960
2016-08-03,10.83670
2016-08-04,10.83720
2016-08-05,10.84270
2016-08-08,10.85410
2016-08-09,10.86900
2016-08-10,10.87890
2016-08-11,10.89070
2016-08-12,10.89000
2016-08-16,10.90050
2016-08-18,10.89290
2016-08-19,10.89250
2016-08-22,10.89600
2016-08-23,10.89810
2016-08-24,10.90300
2016-08-25,10.91110
2016-08-26,10.91660
2016-08-29,10.92250
2016-08-30,10.92620
2016-08-31,10.92640
2016-09-01,10.92870
2016-09-02,10.93390
2016-09-06,10.94390
2016-09-07,10.95190
2016-09-08,10.95860
2016-09-09,10.96070
2016-09-12,10.96350
2016-09-14,10.96250
2016-09-15,10.96470
2016-09-16,10.96990
2016-09-19,10.97640
2016-09-20,10.97830
2016-09-21,10.97750
2016-09-22,10.98900
2016-09-23,10.99250
2016-09-26,11.00300
2016-09-27,11.00780
2016-09-28,11.01160
2016-09-29,11.00500
2016-09-30,11.01030
2016-10-03,11.02710
2016-10-04,11.03620
2016-10-05,11.05870
2016-10-06,11.06540
2016-10-07,11.06040
2016-10-10,11.07450
2016-10-13,11.07770
2016-10-14,11.07360
2016-10-17,11.07680
2016-10-18,11.08350
2016-10-19,11.08420
2016-10-20,11.08340
2016-10-21,11.08440
2016-10-24,11.08750
2016-10-25,11.08320
2016-10-26,11.08410
2016-10-27,11.08240
2016-10-28,11.08120
2016-11-01,11.08960
2016-11-02,11.09060
2016-11-03,11.09460
2016-11-04,11.09620
2016-11-07,11.10240
2016-11-08,11.10440
2016-11-09,11.12150
2016-11-10,11.13190
2016-11-11,11.13280
2016-11-15,11.15710
2016-11-16,11.18810
2016-11-17,11.19120
2016-11-18,11.18860
2016-11-21,11.20820
2016-11-22,11.21110
2016-11-23,11.22020
2016-11-24,11.23630
2016-11-25,11.23880
2016-11-28,11.23170
2016-11-29,11.22940
2016-11-30,11.23650
2016-12-01,11.24010
2016-12-02,11.24090
2016-12-05,11.24700
2016-12-06,11.25030
2016-12-07,11.21400
2016-12-08,11.20820
2016-12-09,11.21580
2016-12-13,11.22210
2016-12-14,11.23140
2016-12-15,11.23230
2016-12-16,11.23090
2016-12-19,11.23690
2016-12-20,11.24130
2016-12-21,11.24240
2016-12-22,11.24160
2016-12-23,11.23980
2016-12-26,11.23920
2016-12-27,11.23650
2016-12-28,11.23640
2016-12-29,11.24430
2016-12-30,11.25400
2017-01-02,11.27460
2017-01-03,11.28000
2017-01-04,11.29100
2017-01-05,11.29320
2017-01-06,11.29560
2017-01-09,11.30410
2017-01-10,11.31030
2017-01-11,11.31370
2017-01-12,11.31900
2017-01-13,11.31970
2017-01-16,11.32320
2017-01-17,11.32540
2017-01-18,11.32670
2017-01-19,11.32720
2017-01-20,11.32680
2017-01-23,11.33060
2017-01-24,11.33160
2017-01-25,11.33270
2017-01-27,11.33740
2017-01-30,11.34430
2017-01-31,11.34640
2017-02-01,11.34760
2017-02-02,11.35110
2017-02-03,11.35630
2017-02-06,11.36440
2017-02-07,11.36650
2017-02-08,11.33190
2017-02-09,11.32910
2017-02-10,11.34220
2017-02-13,11.35250
2017-02-14,11.35420
2017-02-15,11.36010
2017-02-16,11.36180
2017-02-17,11.36340
2017-02-20,11.37020
2017-02-22,11.37390
2017-02-23,11.38010
2017-02-27,11.39240
2017-02-28,11.39460
2017-03-01,11.39600
2017-03-02,11.39470
2017-03-03,11.39870
2017-03-06,11.40800
2017-03-07,11.40180
2017-03-08,11.39820
2017-03-09,11.38820
2017-03-10,11.38570
2017-03-14,11.39390
2017-03-15,11.39940
2017-03-16,11.40680
2017-03-17,11.40690
2017-03-20,11.40970
2017-03-21,11.41200
2017-03-22,11.42060
2017-03-23,11.42750
2017-03-24,11.43300
2017-03-27,11.43840
2017-03-29,11.44230
2017-03-30,11.44820
2017-03-31,11.45350
2017-04-03,11.46800
2017-04-05,11.46850
2017-04-06,11.46230
2017-04-07,11.46100
2017-04-10,11.47070
2017-04-11,11.47590
2017-04-12,11.47990
2017-04-13,11.48510
2017-04-17,11.49320
2017-04-18,11.49280
2017-04-19,11.49660
2017-04-20,11.50130
2017-04-21,11.49980
2017-04-24,11.50730
2017-04-25,11.50830
2017-04-26,11.50420
2017-04-27,11.50710
2017-04-28,11.50980
2017-05-02,11.51900
2017-05-03,11.52090
2017-05-04,11.52290
2017-05-05,11.52540
2017-05-08,11.53160
2017-05-09,11.53380
2017-05-11,11.53810
2017-05-12,11.54010
2017-05-15,11.55160
2017-05-16,11.55330
2017-05-17,11.55530
2017-05-18,11.55690
2017-05-19,11.55800
2017-05-22,11.56790
2017-05-23,11.57020
2017-05-24,11.57360
2017-05-25,11.57840
2017-05-26,11.58280
2017-05-29,11.58760
2017-05-30,11.59140
2017-05-31,11.59350
2017-06-01,11.59850
2017-06-02,11.60350
2017-06-05,11.61030
2017-06-06,11.61200
2017-06-07,11.61970
2017-06-08,11.62470
2017-06-09,11.63050
2017-06-12,11.63750
2017-06-13,11.64120
2017-06-14,11.63920
2017-06-15,11.64220
2017-06-16,11.64460
2017-06-19,11.65100
2017-06-20,11.65320
2017-06-21,11.65510
2017-06-22,11.65640
2017-06-23,11.65820
2017-06-27,11.66420
2017-06-28,11.66280
2017-06-29,11.66220
2017-06-30,11.66340
2017-07-03,11.66670
2017-07-04,11.66840
2017-07-05,11.67580
2017-07-06,11.67990
2017-07-07,11.68360
2017-07-10,11.70050
2017-07-11,11.70600
2017-07-12,11.70930
2017-07-13,11.71280
2017-07-14,11.71640
2017-07-17,11.72440
2017-07-18,11.73020
2017-07-19,11.73310
2017-07-20,11.73770
2017-07-21,11.74170
2017-07-24,11.74730
2017-07-25,11.74930
2017-07-26,11.74930
2017-07-27,11.75230
2017-07-28,11.75390
2017-07-31,11.75950
2017-08-01,11.76120
2017-08-02,11.76470
2017-08-03,11.76870
2017-08-04,11.77170
2017-08-07,11.77720
2017-08-08,11.77900
2017-08-09,11.78110
2017-08-10,11.78210
2017-08-11,11.78330
2017-08-14,11.79010
2017-08-16,11.79290
2017-08-18,11.79760
2017-08-21,11.80410
2017-08-22,11.80680
2017-08-23,11.80890
2017-08-24,11.81100
2017-08-28,11.81970
2017-08-29,11.82200
2017-08-30,11.82340
2017-08-31,11.82660
2017-09-01,11.83270
2017-09-04,11.83940
2017-09-05,11.84040
2017-09-06,11.84290
2017-09-07,11.84450
2017-09-08,11.84550
2017-09-11,11.85180
2017-09-12,11.85350
2017-09-13,11.85410
2017-09-14,11.85570
2017-09-15,11.85570
2017-09-18,11.85990
2017-09-19,11.86290
2017-09-20,11.86280
2017-09-21,11.86280
2017-09-22,11.86420
2017-09-25,11.87130
2017-09-26,11.87270
2017-09-27,11.87340
2017-09-28,11.87670
2017-09-29,11.87870
2017-10-03,11.89020
2017-10-04,11.89070
2017-10-05,11.89360
2017-10-06,11.89630
2017-10-09,11.90280
2017-10-10,11.90520
2017-10-11,11.90700
2017-10-12,11.90990
2017-10-13,11.91380
2017-10-16,11.91980
2017-10-17,11.92230
2017-10-18,11.92450
2017-10-23,11.93680
2017-10-24,11.93820
2017-10-25,11.94010
2017-10-26,11.94230
2017-10-27,11.94440
2017-10-30,11.95090
2017-10-31,11.95330
2017-11-01,11.95550
2017-11-02,11.95800
2017-11-03,11.96020
2017-11-06,11.96610
2017-11-07,11.96790
2017-11-08,11.96980
2017-11-09,11.97170
2017-11-10,11.97360
2017-11-13,11.97940
2017-11-14,11.97990
2017-11-15,11.98270
2017-11-16,11.98430
2017-11-17,11.98660
2017-11-20,11.99480
2017-11-21,11.99670
2017-11-22,11.99830
2017-11-23,12.00100
2017-11-24,12.00320
2017-11-27,12.00710
2017-11-28,12.00930
2017-11-29,12.01090
2017-11-30,12.01180
2017-12-04,12.01960
2017-12-05,12.02060
2017-12-06,12.02180
2017-12-07,12.02270
2017-12-08,12.02510
2017-12-11,12.03100
2017-12-12,12.03110
2017-12-13,12.03290
2017-12-14,12.03270
2017-12-15,12.03160
2017-12-18,12.03890
2017-12-19,12.03930
2017-12-20,12.03970
2017-12-21,12.03540
2017-12-22,12.03500
2017-12-26,12.04280
2017-12-27,12.04370
2017-12-28,12.04600
2017-12-29,12.04810
2018-01-01,12.05840
2018-01-02,12.06140
2018-01-03,12.06180
2018-01-04,12.05970
2018-01-05,12.06480
2018-01-08,12.07250
2018-01-09,12.07540
2018-01-10,12.07680
2018-01-11,12.07800
2018-01-12,12.07690
2018-01-15,12.08360
2018-01-16,12.08340
2018-01-17,12.08580
2018-01-18,12.08700
2018-01-19,12.08770
2018-01-22,12.09310
2018-01-23,12.09490
2018-01-24,12.09740
2018-01-25,12.09920
2018-01-29,12.10890
2018-01-30,12.11210
2018-01-31,12.11580
2018-02-01,12.11540
2018-02-02,12.11660
2018-02-05,12.12420
2018-02-06,12.12710
2018-02-07,12.13000
2018-02-08,12.13300
2018-02-09,12.13600
2018-02-12,12.14470
2018-02-14,12.15010
2018-02-15,12.15290
2018-02-16,12.15520
2018-02-20,12.16480
2018-02-21,12.16740
2018-02-22,12.16450
2018-02-23,12.16700
2018-02-26,12.17410
2018-02-27,12.17590
2018-02-28,12.17810
2018-03-01,12.18130
2018-03-05,12.19190
2018-03-06,12.19690
2018-03-07,12.20300
2018-03-08,12.20600
2018-03-09,12.20920
2018-03-12,12.21810
2018-03-13,12.22080
2018-03-14,12.22400
2018-03-15,12.22730
2018-03-16,12.23300
2018-03-19,12.24000
2018-03-20,12.24180
2018-03-21,12.24330
2018-03-22,12.24570
2018-03-23,12.24670
2018-03-26,12.25150
2018-03-27,12.25530
2018-03-28,12.26940
2018-04-03,12.28790
2018-04-04,12.29050
2018-04-05,12.29310
2018-04-06,12.29580
2018-04-09,12.30290
2018-04-10,12.30560
2018-04-11,12.30600
2018-04-12,12.30740
2018-04-13,12.31010
2018-04-16,12.31680
2018-04-17,12.31770
2018-04-18,12.31900
2018-04-19,12.32060
2018-04-20,12.32160
2018-04-23,12.32710
2018-04-24,12.32900
2018-04-25,12.33070
2018-04-26,12.33270
2018-04-27,12.33460
2018-05-02,12.34760
2018-05-03,12.34940
2018-05-04,12.35050
2018-05-07,12.35790
2018-05-08,12.36000
2018-05-09,12.36180
2018-05-10,12.36330
2018-05-11,12.36520
2018-05-14,12.37220
2018-05-15,12.37360
2018-05-16,12.37490
2018-05-17,12.37590
2018-05-18,12.37830
2018-05-21,12.38480
2018-05-22,12.38740
2018-05-23,12.38940
2018-05-24,12.39200
2018-05-25,12.39490
2018-05-28,12.40380
2018-05-29,12.40870
2018-05-30,12.41380
2018-05-31,12.41580
2018-06-01,12.41680
2018-06-04,12.42440
2018-06-05,12.42700
2018-06-06,12.43370
2018-06-07,12.43660
2018-06-08,12.43910
2018-06-11,12.44690
2018-06-12,12.45000
2018-06-13,12.45250
2018-06-14,12.45550
2018-06-15,12.45810
2018-06-18,12.46610
2018-06-19,12.46920
2018-06-20,12.47120
2018-06-21,12.47370
2018-06-22,12.47600
2018-06-25,12.48290
2018-06-26,12.48550
2018-06-27,12.48780
2018-06-28,12.49020
2018-06-29,12.49390
2018-07-02,12.50240
2018-07-03,12.50520
2018-07-04,12.50880
2018-07-05,12.51130
2018-07-06,12.51400
2018-07-09,12.52130
2018-07-10,12.52380
2018-07-11,12.52610
2018-07-12,12.52850
2018-07-13,12.53100
2018-07-16,12.53840
2018-07-17,12.54090
2018-07-18,12.54330
2018-07-19,12.54570
2018-07-20,12.54830
2018-07-23,12.55560
2018-07-24,12.55800
2018-07-25,12.56040
2018-07-26,12.56280
2018-07-27,12.56530
2018-07-30,12.57260
2018-07-31,12.57520
2018-08-01,12.57770
2018-08-02,12.58020
2018-08-03,12.58270
2018-08-06,12.59000
2018-08-07,12.59250
2018-08-08,12.59500
2018-08-09,12.59740
2018-08-10,12.59970
2018-08-13,12.60660
2018-08-14,12.60890
2018-08-16,12.61360
2018-08-20,12.62270
2018-08-21,12.62500
2018-08-23,12.62970
2018-08-24,12.63200
2018-08-27,12.63890
2018-08-28,12.64130
2018-08-29,12.64370
2018-08-30,12.64590
2018-08-31,12.64820
2018-09-03,12.65500
2018-09-04,12.65740
2018-09-05,12.65980
2018-09-06,12.66210
2018-09-07,12.66450
2018-09-10,12.67160
2018-09-11,12.67370
2018-09-12,12.67590
2018-09-14,12.68360
